<?xml version="1.0" encoding="UTF-8"?>
<beans:beans xmlns="http://www.springframework.org/schema/security"
	xmlns:beans="http://www.springframework.org/schema/beans" xmlns:mvc="http://www.springframework.org/schema/mvc"
	xmlns:xsi="http://www.w3.org/2001/XMLSchema-instance"
	xsi:schemaLocation="http://www.springframework.org/schema/beans
	http://www.springframework.org/schema/beans/spring-beans-3.1.xsd
	http://www.springframework.org/schema/mvc
	http://www.springframework.org/schema/mvc/spring-mvc-3.1.xsd
	http://www.springframework.org/schema/security
	http://www.springframework.org/schema/security/spring-security-3.1.xsd">
	<beans:import resource="spring-servlet.xml" />

	<mvc:annotation-driven />
	<global-method-security pre-post-annotations="enabled" />


	<http auto-config="true" disable-url-rewriting="true">

		<custom-filter ref="customUsernamePasswordAuthenticationFilter"
			before="FORM_LOGIN_FILTER" />



		<intercept-url pattern="/formsubmit" access="IS_AUTHENTICATED_ANONYMOUSLY" />
		<intercept-url pattern="/newUserRegistration" access="IS_AUTHENTICATED_ANONYMOUSLY" />
		<intercept-url pattern="/logout1" access="IS_AUTHENTICATED_ANONYMOUSLY" />
		<intercept-url pattern="/alert" access="IS_AUTHENTICATED_ANONYMOUSLY" />
		<intercept-url pattern="/accessDenied" access="IS_AUTHENTICATED_ANONYMOUSLY" />
		<intercept-url pattern="/" access="IS_AUTHENTICATED_ANONYMOUSLY" />

		<intercept-url pattern="/home" access="ROLE_USER" />
		<intercept-url pattern="/contributeArticleForm" access="ROLE_USER" />
		<intercept-url pattern="/doUploadContributeArticle"
			access="ROLE_USER" />
		<intercept-url pattern="/getBlob" access="ROLE_USER" />
		<intercept-url pattern="/showPdfArticle/**" access="ROLE_USER, ROLE_ADMIN" />
		<intercept-url pattern="/ProductFeedback" access="ROLE_USER" />
		<intercept-url pattern="/balance" access="ROLE_USER" />
		<intercept-url pattern="/redeem" access="ROLE_USER" />
		<intercept-url pattern="/howTo" access="ROLE_USER" />
		<intercept-url pattern="/accountDetails" access="ROLE_USER" />
		<intercept-url pattern="/startQuiz" access="ROLE_USER" />
		<intercept-url pattern="/start/**" access="ROLE_USER" />
		<intercept-url pattern="/answerSubmit" access="ROLE_USER" />
		<intercept-url pattern="/userSubmit" access="ROLE_USER" />


		<intercept-url pattern="/adminHome" access="ROLE_ADMIN" />
		<intercept-url pattern="/newNews" access="ROLE_ADMIN" />
		<intercept-url pattern="/usercontri" access="ROLE_ADMIN" />
		<intercept-url pattern="/feedbackUpdateAdmin" access="ROLE_ADMIN" />
		<intercept-url pattern="/approveNewUserList" access="ROLE_ADMIN" />
		<intercept-url pattern="/approveNewUser/**" access="ROLE_ADMIN" />
		<intercept-url pattern="/rejectNewUser/**" access="ROLE_ADMIN" />
		<intercept-url pattern="/approveArticle" access="ROLE_ADMIN" />
		<intercept-url pattern="/articleUpdateAdmin" access="ROLE_ADMIN" />
		<intercept-url pattern="/newNews" access="ROLE_ADMIN" />
		<intercept-url pattern="/viewAllNewsHeadlines" access="ROLE_ADMIN" />
		<intercept-url pattern="/deleteNews" access="ROLE_ADMIN" />
		<intercept-url pattern="/updateNewsPage" access="ROLE_ADMIN" />
		<intercept-url pattern="/updateNewsMenu/**" access="ROLE_ADMIN" />
		<intercept-url pattern="/updateNewsFinal" access="ROLE_ADMIN" />
		<intercept-url pattern="/unarchive" access="ROLE_ADMIN" />
		<intercept-url pattern="/deleteNews1" access="ROLE_ADMIN" />
		<intercept-url pattern="/operation" access="ROLE_ADMIN" />
		<intercept-url pattern="/addques" access="ROLE_ADMIN" />
		<intercept-url pattern="/deleteQuestions" access="ROLE_ADMIN" />
		<intercept-url pattern="/updateques/**" access="ROLE_ADMIN" />
		<intercept-url pattern="/saveupdatedques" access="ROLE_ADMIN" />
		<intercept-url pattern="/quiz" access="ROLE_ADMIN" />

		<intercept-url pattern="/forum/Admin/**" access="ROLE_ADMIN" />
		<intercept-url pattern="/forum/**" access="ROLE_ADMIN, ROLE_USER" />
		<intercept-url pattern="/*" access="ROLE_ADMIN, ROLE_USER" />

		<access-denied-handler error-page="/accessDenied" />

		<form-login login-page="/"
			authentication-success-handler-ref="authSuccessHandler"
			authentication-failure-url="/alert" />

		<logout logout-success-url="/logout1" delete-cookies="JSESSIONID" />

	</http>
	<beans:bean id="encoder"
		class="org.springframework.security.crypto.bcrypt.BCryptPasswordEncoder">
		<!-- <beans:constructor-arg name="strength" value="11"></beans:constructor-arg> -->
	</beans:bean>



	<beans:bean id="customUsernamePasswordAuthenticationFilter"
		class="com.nucleus.filter.CustomUsernamePasswordAuthenticationFilter">
		<beans:property name="authenticationManager" ref="authenticationManager" />
		<beans:property name="authenticationFailureHandler"
			ref="authFailureHandler" />
		<beans:property name="authenticationSuccessHandler"
			ref="authSuccessHandler" />
		<beans:property name="sessionAuthenticationStrategy">
			<beans:bean
				class="org.springframework.security.web.authentication.session.SessionFixationProtectionStrategy">
				<beans:property name="migrateSessionAttributes"
					value="true" />
			</beans:bean>
		</beans:property>
	</beans:bean>

	<beans:bean id="authFailureHandler"
		class="org.springframework.security.web.authentication.SimpleUrlAuthenticationFailureHandler">
		<beans:property name="defaultFailureUrl" value="/alert" />
	</beans:bean>



	<authentication-manager alias="authenticationManager">
		<authentication-provider>

			<jdbc-user-service data-source-ref="dataSource"
				users-by-username-query="select username,pass,enabled from pfinnnewuser_testingmd where username=?"
				authorities-by-username-query="select username, rolename from pfinnnewuser_testingmd inner join pfinnrole_testingmd on  pfinnnewuser_testingmd.role=pfinnrole_testingmd.roleid where pfinnnewuser_testingmd.username=?" />
			<password-encoder ref="encoder"></password-encoder>
		</authentication-provider>
	</authentication-manager>

</beans:beans>